ContactInfo,SecurityLevel,EmploymentDate,FullName,SecurityPersonID
0535202707,3,2020-10-27,Channa Sokale,432454980
0597414278,5,2022-05-01,Gunilla Marlon,241853531
0597009307,2,2024-05-24,Dolley Gosson,994289512
0510457677,5,2021-06-22,Simmonds Dunthorne,958117510
0513878381,4,2023-08-11,Farrand Danahar,809566416
0543400795,3,2020-12-21,Arnold Assandri,362364616
0548874918,4,2020-04-25,Sissy Heimes,409277460
0522832618,3,2020-06-04,Gianina Hurleston,999272059
0561070607,2,2023-03-04,Duncan Jee,543694018
0511651942,2,2022-10-24,Melisenda Strothers,362731402
0553380676,3,2021-12-03,Othello Bovaird,382393706
0598054097,3,2021-04-15,Lil Dedden,804478513
0558347058,5,2023-09-21,Trent O'Canavan,781670536
0541143729,3,2024-04-11,Corny Symonds,715803057
0518049051,3,2021-11-24,Travus Lamboll,361407428
0562815060,1,2020-04-04,Hildegaard Golborne,616681977
0520747608,2,2021-01-03,Clovis Sapauton,303712976
0588605208,2,2020-05-28,Cherice Stranks,346671124
0552509868,1,2024-01-31,Blakeley Ivens,423603298
0598208164,4,2022-05-11,Amberly Chapier,727033420
0562483887,5,2023-01-31,Cristin Schutze,841309164
0568672629,3,2023-07-22,Ernest Luc,378921525
0552131101,2,2021-09-25,Yelena Bates,294788310
0528179485,2,2024-01-03,Josey Dubois,390063452
0595645145,3,2022-12-31,Marieann Twycross,217392997
0527974602,5,2023-08-13,Brigham Gatland,319126013
0561284158,3,2021-01-02,Estrellita Menear,952878796
0535345407,3,2023-03-20,Jefferey Brockbank,808165618
0510690230,1,2021-12-30,Lacee MacAllen,574606527
0599913009,3,2024-02-05,Sissy oldey,812869160
0544667430,3,2022-11-11,Simone O'Shavlan,678065388
0535461300,3,2022-08-28,Barbara Cruces,597890623
0582601960,1,2023-02-18,Benyamin Simmonett,532481136
0574417660,1,2023-04-25,Rebbecca Jankovsky,422489699
0541220063,5,2023-08-19,Dillon Chateau,992905560
0514708810,2,2024-07-06,Jamey Kitchaside,610082238
0559585619,3,2021-04-01,Andy Cheese,322894024
0520449743,2,2022-06-30,Clarinda Whisker,952891525
0538409326,2,2021-11-04,Flossy Ingon,430185363
0579276455,4,2024-11-05,Maressa Luty,412348871
0560108230,5,2023-01-29,Salvidor Gowland,638813672
0585797210,2,2020-05-18,Enrique Geal,945942516
0548812733,1,2021-02-03,Tawsha Touzey,532540604
0550966384,2,2020-12-15,Ardyth Mainz,528810734
0588996064,3,2022-09-13,Gerrie Richardet,659375970
0584257291,2,2020-06-12,Denice Halladay,524501471
0595453782,5,2024-12-23,Padraic Lorand,254929929
0591611435,1,2022-12-31,Abel Scholtis,576788822
0554511427,5,2022-07-04,Orelie Towell,576726703
0520544044,2,2022-10-20,Micheline Nicolls,101127092
0531706800,4,2023-11-05,Wilburt Karchewski,583582922
0518579616,1,2020-09-14,Janine Balmforth,887499774
0571398508,1,2021-02-26,Gertruda Blazdell,887471471
0597818948,2,2022-12-19,Sibylla Burghall,535065682
0586819373,1,2020-10-03,Arny Valentino,649108145
0510615211,5,2023-07-04,Queenie Bernath,142208759
0592658860,2,2023-11-16,Johannah Farfolomeev,861087933
0595428959,5,2024-03-03,Raychel Munnion,373114937
0543957976,4,2023-10-09,Kat Tomczykowski,674987856
0595318779,3,2023-12-18,Kassia Dublin,565318377
0531338802,4,2024-11-07,Dot McGilben,234093598
0560220679,1,2020-04-19,Beatrisa Mougeot,245022088
0564030319,3,2023-07-28,Crichton Kellick,759951555
0514151903,3,2023-07-15,Lotte Casse,697577040
0527411812,1,2024-10-10,Colette Marvin,700550156
0541231274,2,2024-03-10,Fax Hartwright,578414726
0597055360,4,2024-11-11,Stanly Mooring,504345565
0572044572,3,2021-10-18,Winona Monget,851546945
0564555918,4,2021-12-15,Charlie Lewington,490723387
0536303456,1,2022-10-19,Malachi Praundlin,742227229
0534443206,3,2021-10-19,Amalle Beidebeke,393057756
0560147830,3,2024-02-02,Luella Bruin,904980047
0576143781,3,2022-05-27,Wallache Rucklesse,542569338
0545041634,2,2021-10-27,Carolyn Toffanelli,796952212
0549072155,5,2022-10-09,Deane Hiom,978636166
0546946182,1,2024-07-17,Daniel Ramsby,415871162
0576687197,2,2022-07-24,Husain Greenhead,642941132
0529780344,3,2022-12-22,Corri Leverage,204574187
0580167478,2,2020-07-01,Maxine Jeandon,599438968
0593384209,2,2022-06-08,Grover Cornhill,308004019
0532255689,2,2023-08-25,Gaelan Ransbury,802575768
0517514486,2,2022-02-26,Gloriane Scolland,238329839
0553805791,2,2020-10-06,Ethelin Sperwell,709262566
0532289709,4,2021-05-25,Saul Lesek,736572780
0565555268,5,2021-09-07,Gerladina Gittus,905818148
0538966472,4,2020-12-14,Hilton Dallicoat,614540730
0517171068,5,2023-06-24,Monah Webb-Bowen,319905191
0561944740,3,2023-11-23,Rockie Darrow,975750251
0559868273,5,2022-08-17,Fonsie Obbard,839508873
0588190579,1,2021-05-09,Audrey Joules,627407308
0577652057,1,2023-07-14,Rani Fedynski,343580225
0567643871,4,2021-01-16,Heywood Domokos,402732116
0595995896,2,2023-01-14,Charles McCrory,839458907
0561492327,5,2022-11-15,Berni Schimank,306156944
0548406466,1,2023-11-23,Alethea Berrie,447651754
0518317430,4,2021-03-10,Carma Sigars,354272848
0583640702,3,2021-11-07,Evanne Swalowe,747924810
0565617679,5,2024-11-10,Dulcy Martinson,245501322
0588437359,3,2021-10-11,Bronson Hymas,859977462
0561727649,4,2020-10-03,Nevil Bovingdon,603638893
0549314486,3,2023-11-11,Myrtie Squier,679224797
0514442320,1,2020-10-10,Eulalie Cocker,639228756
0595559614,2,2021-07-05,Toby Langdon,696015240
0565344400,3,2022-03-31,Oren Langstaff,956850616
0589241219,1,2021-12-16,Saw Patemore,813845920
0579089084,1,2023-06-18,Rasla Tiffany,887058098
0553756213,2,2023-07-15,Judie Le Moucheux,197486361
0562660037,4,2024-02-14,Anton Abramcik,364101718
0558281169,1,2024-03-04,Dareen Udale,453838155
0558933402,1,2020-06-28,Bria Buswell,621111076
0560919291,4,2021-05-09,Kirbie Gethin,876376489
0594044303,1,2024-07-24,Kayle De Winton,175075744
0561706809,4,2023-02-23,Correna Carlet,395665492
0597364523,4,2020-09-28,Beverie Jilkes,564489506
0599047510,2,2021-11-29,Amalea Lethebridge,174568645
0514971743,3,2022-05-21,Marjie Ivshin,363036588
0523768828,4,2021-08-03,Elana Millsap,937969978
0542331343,5,2022-08-16,Eziechiele McMaster,278391591
0549700433,5,2020-09-14,Jereme Climer,613763527
0538978482,3,2023-01-01,Osborn Machan,730730552
0534205238,4,2021-06-07,Joletta Faulconer,172308402
0522095675,5,2024-07-07,Bernardo Meenehan,860589447
0585560935,4,2024-06-13,Gillian Tice,740749150
0514820927,1,2020-07-13,Ferne Wiggam,860018814
0555005378,3,2021-08-06,Michale Chalk,633966558
0545214600,1,2021-05-23,Dasie Dewen,284201269
0546180899,5,2023-11-21,Donny Purkiss,220538775
0527464772,3,2021-07-02,Demott Bletso,396204343
0527948577,1,2020-01-21,Buddie Hanaford,560156074
0565517461,1,2021-08-02,Brody Rewcassell,260606380
0534542110,2,2022-01-02,Elberta Bartoloma,208300908
0524202144,2,2021-07-09,Leeann Harses,477767258
0537687450,1,2020-04-23,Saunderson Rubinovitch,877622381
0521681773,1,2022-04-24,Alessandra Novkovic,282858309
0547471007,5,2023-08-26,Gwenneth Empringham,185695679
0516905723,3,2024-09-13,Bryna Vasovic,385125477
0542278138,2,2024-08-20,Bernardina Wipper,792133289
0586773521,4,2021-07-12,Agnesse Eyeington,107695765
0557397723,3,2023-04-21,Em Soper,852952842
0540425551,2,2020-05-30,Thalia Spinella,491480780
0562189708,5,2020-06-12,Leora Probbing,251215843
0510450795,5,2023-07-18,Timmie Whitrod,891752573
0553485245,1,2022-06-26,Gwenette Ellyatt,698874253
0532316177,3,2022-04-17,Cornall Bryett,504422030
0531815145,4,2021-11-04,Lucretia Vickery,378639005
0575558761,3,2021-11-06,Richmound Hudghton,605713052
0511614693,1,2024-04-22,Claudetta Tabb,815311726
0536695296,4,2021-03-08,Manny Swann,353948297
0565510485,4,2024-08-21,Janetta Aindriu,671794011
0593414987,3,2020-09-06,Matt Robertis,825955328
0527258089,2,2021-08-06,Kristyn Fogel,557350411
0579709479,5,2020-10-29,Hynda Worsfold,753817871
0523258130,1,2021-05-01,Zarah Spaight,413891210
0527307578,5,2023-10-18,Louise Borel,925424878
0536809794,5,2021-06-03,Reinaldos Lensch,130234338
0536799723,1,2023-11-05,Jon De Bischop,898744730
0586401564,5,2024-12-20,Shannan Matthessen,649332543
0594639681,3,2023-01-03,Lenee Novelli,323682291
0573448783,2,2020-07-17,Marena Gauld,282452340
0521943988,5,2020-06-10,Margette Rossoni,385993825
0545154832,4,2021-05-15,Persis Vye,977838897
0538086049,2,2022-06-20,Lou Philbrick,907503327
0525571961,4,2020-05-02,Hurleigh MacDowal,665517495
0528879050,5,2024-07-16,Jayme Eilhart,298218807
0599501691,3,2022-06-06,Glenden Monson,892752035
0555013690,4,2021-03-04,Lenka Snowball,126766993
0510998512,4,2020-06-09,Si Molineaux,999072598
0574558834,5,2022-05-07,Dionis Gripton,956061485
0580647967,5,2021-09-22,Kristofer Shillingford,117301284
0576943551,1,2021-12-23,Vince Westwell,243311512
0565458678,4,2020-06-03,Xena Dunford,187394579
0517254207,3,2022-08-19,Chelsea MacCrachen,523774700
0583299356,3,2020-03-13,Salem Muckart,501479555
0560716338,5,2024-08-26,Putnem Fonquernie,318306927
0562948830,1,2021-05-19,Bartholomew Adamo,401479835
0574956233,5,2024-03-29,Jeremiah Kernley,421217709
0552174988,5,2021-04-11,Trix Iacovazzi,584507905
0534097693,3,2024-01-22,Ned Deniske,677853668
0534399340,3,2023-07-24,Hurleigh Telford,525226908
0590354445,2,2024-02-20,Reinwald Bridson,500167612
0525414189,3,2020-10-18,Kati Russilll,525461861
0592492041,5,2022-08-07,Johnathon Legate,328527174
0572005620,3,2024-05-15,Bebe Brandsen,843405227
0512039081,3,2022-11-03,Reese Hilland,918307937
0582873417,5,2021-08-06,Maximilianus Churching,619976654
0592747641,4,2022-05-05,Lauritz Instock,716709282
0580093048,2,2021-08-25,Atalanta Oakhill,269950200
0556474244,5,2023-12-04,Chiquia Rapin,755174300
0570325956,3,2021-10-02,Forest Islep,774514731
0562950529,5,2020-02-22,Valencia Chapell,650351556
0543466521,5,2023-09-24,Riordan Karchowski,941025816
0587548417,1,2020-04-16,Melvyn Battman,339646919
0560051401,1,2021-02-03,Lawrence Vern,704967638
0556481862,2,2024-08-09,Ellene Burdikin,818098877
0565031127,3,2024-12-18,Osmond Farley,202958160
0581774331,3,2020-11-02,Fritz Donohoe,549795782
0557682654,1,2023-04-24,Norene McClancy,883349691
0533641965,2,2020-12-15,Shir Nassey,465215525
0563586031,2,2024-08-07,Frankie Orford,848168450
0519339807,4,2021-10-20,Alla Duer,678497265
0511946627,4,2024-09-06,Renaud Hovert,559289100
0552417606,2,2023-04-04,Archaimbaud Armfirld,656819752
0548528057,2,2022-11-03,Lucie Chaplain,693797014
0566048863,4,2024-03-22,Thornie Charles,294663766
0523803433,2,2023-08-30,Thornton Trim,642528606
0535016301,2,2020-12-28,Kayley Alliberton,295418556
0538098302,3,2021-11-13,Quillan Starkings,332008288
0543663650,2,2023-11-11,Mervin Russe,274952004
0562449936,5,2021-10-30,Jdavie Myring,767963173
0525328600,2,2023-06-19,Archambault Bevar,604553098
0582329339,3,2023-03-01,Glyn Lomis,776946530
0539235625,1,2022-09-21,Ranice Rozec,225339842
0574187779,2,2023-12-19,Daniela Pridding,704712421
0597216424,5,2023-12-16,Philbert Nan Carrow,791144057
0569703611,3,2022-07-20,Rolfe Faux,307972620
0550735184,5,2021-10-04,Ula Stile,582761315
0522808858,5,2021-03-20,Skipp Darcey,235714892
0523794427,5,2023-09-01,Bevvy Gelly,924138345
0545574824,4,2023-03-20,Julita Herkess,184985209
0590293999,2,2022-06-15,Willie Kernar,578317966
0562261371,4,2020-05-06,Dorelle Ingreda,878489732
0551121160,5,2023-12-25,Claudianus Lehrle,412046283
0514047559,3,2022-10-24,Carena Howett,340399450
0539195890,2,2021-09-26,Goldi Fritschmann,938787370
0588247250,1,2021-10-14,Franky Hulks,591236336
0513189220,4,2021-03-20,Montgomery Gwatkins,475601536
0580276493,1,2020-10-21,Sophi Kynastone,415074012
0597199550,3,2021-07-29,Reese Caslane,461803787
0577666334,1,2023-01-19,Valentine Coarser,307717264
0522124531,4,2020-11-03,Randi Jeannet,986721727
0554463057,2,2023-01-14,Wanids Inglesent,419579765
0553305735,3,2020-06-07,Cathy Guite,602407236
0593700140,4,2024-05-15,Glynda Songhurst,138944150
0553775976,3,2021-01-19,Bartlet Keeler,767503055
0585234689,4,2021-07-10,Dina Tankard,542818454
0560095087,4,2021-04-26,Germain Berggren,454644331
0596491141,2,2024-04-30,Mohandis Sharp,762395496
0579463497,5,2023-02-07,Harley Whatson,557826601
0585189738,2,2024-06-24,Brandi Benard,565097440
0565291987,5,2022-10-08,Heloise Moorhouse,976649594
0523877432,2,2020-12-01,Maje Lanchbury,571479027
0560768872,1,2023-04-01,Gwenore La Batie,332693808
0536471839,3,2021-04-01,Cinda Godart,992002299
0524358003,5,2021-12-25,Caroljean Tomowicz,652649489
0583645170,5,2022-08-12,Sancho Pollen,818686714
0540945342,1,2021-08-08,Buckie Leeder,264071872
0592138767,4,2023-01-15,Katherina Johns,793768662
0578299900,1,2023-04-02,Madalyn Shanks,986546876
0521587386,4,2022-06-19,Kelcie Skelhorn,400202139
0584528990,2,2024-09-30,Veronique Rosa,668473058
0569536170,2,2022-01-08,Chuck Ulyatt,810169356
0526408801,4,2024-08-31,Carrol Astridge,843098534
0521165489,1,2021-04-15,Norman Bauchop,645751546
0520018395,1,2022-04-23,Kirby Foyle,631506193
0567250160,5,2022-11-06,Leda Paternoster,274499861
0540545779,2,2021-11-29,Guinna Zouch,304525893
0540999127,1,2023-08-21,Quinton Pethybridge,444531212
0511831425,5,2022-12-19,Corina Bromige,663671790
0561375104,4,2023-01-30,Millie Chestnut,574591596
0574263620,3,2023-10-15,Kathlin Scudders,215827927
0593666179,5,2023-09-01,Fredrick Karran,122515070
0516150435,1,2022-11-28,Robbin Rhucroft,531900334
0575876764,4,2021-07-04,Dom Woodhall,160433413
0569430382,2,2020-11-01,Timmie Keddy,819123561
0561486021,1,2020-12-01,Amalea Henningham,161815773
0585616080,4,2023-11-25,Berthe Hearnah,115725048
0568831913,5,2023-09-28,Cathee Trollope,333807921
0586305931,1,2022-11-05,Land Rayne,841056953
0542081919,1,2020-01-28,Fulvia Liebrecht,930456301
0557685155,4,2020-11-12,Barde Mains,192998447
0570836857,5,2021-08-20,Charles Kuna,306887998
0581810706,3,2020-09-07,Lynn Boast,351764977
0526501703,2,2020-03-20,Onfroi Parcall,789368864
0527730906,2,2021-08-07,Adela Johnes,342825161
0513399673,2,2024-10-09,Robinetta Blewis,717940632
0539992010,1,2022-01-09,Dottie Villaron,945278449
0565975004,5,2020-09-30,Frazier Momery,841015960
0574210304,5,2021-06-20,Lethia Grasner,116178982
0544726309,3,2024-06-24,Winny Bryenton,161532452
0547046117,3,2024-12-22,Lewiss Urien,145830306
0558896120,5,2022-02-24,Frazer Calderon,977278935
0592691147,5,2023-12-02,Kaycee Tidmas,682788464
0537420359,3,2022-09-18,Orelia Kyttor,559172183
0549674994,3,2024-05-20,Aristotle Cuerda,154760876
0596147826,1,2020-03-11,Rhianna Hyatt,276046102
0524278445,5,2020-12-25,Dana Eastwood,217214616
0513075701,5,2022-04-11,Breena Fairnington,657853554
0550521331,4,2023-04-09,Eugenio Maleham,812536895
0556482486,5,2020-12-09,Bernardo Winson,319387051
0546028954,1,2024-04-17,Modesty Konmann,155653126
0582971481,4,2024-11-13,Ammamaria Gemelli,378381198
0542937579,2,2021-06-08,Drucill Philipp,699643027
0540442860,4,2020-07-14,Osborne Quinney,368479317
0527350060,5,2020-11-03,Field Pretley,957859267
0567968682,1,2023-03-21,Dwain Pavis,122352403
0594788670,2,2022-06-04,Christyna Jinkins,254728328
0519829140,3,2023-07-05,Dale Ansell,982555206
0520191020,3,2022-05-15,Leland Tyt,629165023
0535663328,2,2023-03-09,Shelby Proudman,793619389
0591454848,4,2022-09-20,Bernie Guiu,267518817
0583310793,1,2022-01-31,Rahal Salsberg,133066265
0534758043,2,2020-09-28,Sigrid Piggott,839805720
0576171973,2,2022-12-12,Marielle Virgoe,644436787
0591452274,5,2023-01-28,Scarface Andreone,293364645
0573078970,1,2021-05-30,Gavin Ferenc,373287258
0562944384,3,2022-12-31,Clarey Lugg,678285373
0535777748,4,2023-08-26,Cammi Baison,890240481
0519758460,2,2022-11-20,Marla Coushe,786816816
0574492039,2,2022-06-23,Weider Minnis,845771028
0540052063,3,2021-01-13,Nester Readhead,568176456
0586012818,1,2021-12-03,Clayson Gillean,901707052
0565419263,5,2020-08-29,Teodoro Batho,203156001
0514385089,2,2023-06-05,Angelia Metzel,649836923
0594522915,5,2023-05-27,Alexina Maitland,573770129
0525844548,1,2022-08-06,Wyn Cunde,712197727
0553851703,5,2023-07-07,Kristo Di Biasi,725183386
0580987848,5,2023-02-07,Eleonora Rubinsaft,149356089
0554293645,2,2020-06-01,Alanah Tomkinson,599256224
0536992170,2,2021-06-05,Devina Bothen,167027339
0552076676,2,2022-02-07,Ed Clemanceau,598623657
0551081478,5,2024-09-16,Luciana Paley,299014409
0569075948,1,2024-10-20,Melvin Wilby,462173956
0517847906,5,2024-06-22,Merill Meriet,251073571
0584425095,5,2024-04-08,Denys Tanguy,635413891
0582275283,1,2021-10-07,Enos Kitchin,288569802
0566144269,5,2021-10-14,Garfield O'Moylane,931108303
0578962177,2,2022-05-01,Joleen Huskisson,948597642
0512735066,1,2023-03-17,Holden Steanyng,287746401
0516195837,3,2021-07-16,Kory Brennen,212643993
0585798137,4,2021-03-31,Diahann Kochs,667677004
0585079561,1,2023-10-05,Wandis Robrow,961760964
0596799318,2,2023-07-28,Agna Studdal,722942691
0559161715,5,2024-05-31,Maren Yter,856866533
0517993728,2,2024-01-04,Layla Lonergan,341105782
0570831747,3,2020-05-13,Delores Sagg,277907133
0521858913,2,2024-02-03,Kirstin MacMurray,491339079
0524691330,1,2024-11-05,Abran Dekeyser,553456772
0517585899,3,2024-10-09,Bonny Spira,169396447
0577801073,2,2022-01-08,Avrom Gurry,358556040
0545503766,4,2024-01-24,Kimberlyn Klewer,148294788
0556470812,3,2021-07-12,Warde Sorsby,692792300
0583039761,2,2022-06-09,Carina Hawler,872618051
0579559653,5,2020-10-26,Geri Masurel,741913314
0562452151,3,2020-07-07,Saul MacKeogh,847617704
0516065942,2,2022-01-06,Hubie Bohden,870724858
0523358936,3,2023-06-27,Michal Henlon,373267529
0566865786,1,2024-04-26,Tome Dreakin,193599161
0558131954,4,2022-05-22,Peadar Maddrell,897788482
0546025506,3,2024-04-26,Skipton Howard,400268870
0562991300,5,2021-03-04,Gayelord Labrom,364916253
0599494666,2,2020-02-07,Aubree Steanyng,158608475
0574213140,5,2021-12-22,Dasi Peascod,667649847
0570057977,5,2022-11-20,Thorny Gingel,282575432
0558777291,1,2023-10-25,Fernando Ouchterlony,189236203
0522264798,3,2020-07-08,Edlin Bunner,216059858
0571346620,2,2022-02-25,Kath Haversham,655921495
0527138937,5,2021-01-31,Jeniece Di Maggio,936286682
0567776256,2,2024-03-13,Dori Garfoot,572004474
0563515928,3,2024-05-18,Sal Hassewell,784612285
0582842595,5,2024-02-19,Robinson Rideout,481948944
0513123718,4,2023-10-03,Radcliffe Rihanek,910279947
0556956227,3,2020-07-17,Barnaby Stirrip,943023224
0560617711,3,2024-04-08,Cosmo Bushby,380775898
0577639269,5,2022-11-18,Celestia Gossage,883226645
0573057347,4,2021-06-18,Cory Bilbrook,587243834
0586575604,5,2022-02-23,Willyt Zupo,841691969
0529044923,1,2020-04-28,Gardiner Cutmere,150613179
0578327481,4,2020-01-08,Janela McGennis,644422920
0567125649,3,2024-07-31,Maire Cleary,647367023
0593319052,4,2023-02-06,Nanni Brightwell,596609003
0596976992,4,2024-06-24,Ringo Sabates,422985156
0552843268,4,2021-05-20,Faye Lorentzen,425447861
0526137117,1,2022-07-24,Ailey Dinesen,771275020
0537011474,2,2024-06-18,Cele Lafflina,240790341
0554070250,2,2021-10-24,Tawnya Gilley,139156991
0543478665,3,2024-06-14,Bobbette Scanderet,386363900
0587188210,1,2022-11-02,Lindy Beeby,386113053
0589767331,1,2024-05-19,Dominga Sallowaye,605054520
0594466403,1,2022-10-09,Leoine Waghorn,107624827
0555176482,2,2020-06-18,Nikoletta Bruni,526751265
0529144475,2,2020-03-11,Steward Steed,299112453
0594716006,5,2021-10-18,Tania Bogie,584131648
0590502658,5,2021-06-07,Odelia Northing,774292628
0582387018,4,2020-11-17,Dame Wilsey,744783280
0541545136,4,2024-06-30,Leigha Gonning,470032040
0522298445,5,2022-08-22,Georgetta Treffry,289916184
0535630093,5,2023-04-20,Patty Babcock,227781320
0569382478,5,2021-12-23,Elsworth Tankus,774359286
0543976085,5,2021-12-23,Ruby Snoden,970265721
0574642974,1,2022-06-03,Cathrin Wilstead,773805288
0556589684,3,2023-09-07,Agnesse Obert,386228422
0543601432,5,2020-11-14,Kandace Drane,735478217
0585362652,5,2020-02-09,Mair Antonchik,484100594
0545249956,4,2020-05-24,Birgitta Rubinfeld,982619310
0528542429,5,2023-01-07,Hillery Hatherill,359065015
0522649660,3,2024-07-23,Rip Blunkett,390691138
0519025817,2,2021-01-18,Rockwell Mateo,226527626
0527703160,2,2020-08-23,Florence Reams,576308969
0599417659,4,2020-05-07,Sully Glossop,223107124
0533557751,3,2024-08-18,Juli Bloxham,402857010
